{
  "model": {
    "u_in": "r * j_0(k r), k=pi/R (ell=0 first zero)",
    "u_alpha": "r * exp(-r^2/(2 a_alpha^2)), a_alpha=r0*4^(1/3)",
    "P_definition": "|\u222b u_in u_alpha dr|^2 / (\u222b u_in^2 dr \u00b7 \u222b u_alpha^2 dr) on [0,R]; optional P_S = S * P_model",
    "P_extracted_definition": "P_ext = t_Gamow / t_meas (consistency check)"
  },
  "summary": {
    "n_isotopes": 14,
    "r0_fm": 1.2,
    "a_alpha_fm": 1.9048812623618392,
    "n_grid": 4096,
    "mean_log10_P_model": -0.39048673915771465,
    "std_log10_P_model": 0.014179678587327542,
    "mean_log10_P_extracted": -1.9585714285714286,
    "std_log10_P_extracted": 0.8656154515084108,
    "pearson_r_raw": 0.8882101087969191,
    "pearson_r_with_S": 0.8882101087969186,
    "mean_residual_raw": 1.568084689413714,
    "rms_residual_raw": 1.7704798977099678,
    "mean_abs_residual_raw": 1.568084689413714,
    "best_fit_global_S": 0.027034311312475988,
    "log10_S": -1.568084689413714,
    "mean_residual_S": -7.930164461608261e-17,
    "rms_residual_S": 0.8220154956090518,
    "mean_abs_residual_S": 0.678383248235031,
    "S_improves_rms": true,
    "rms_improvement": 0.948464402100916,
    "scope_note": "P_model is a geometric/structural standing-wave overlap proxy between confined flag mode and alpha-like Gaussian packet on [0,R]. Absolute scale may need one global factor S; this is not a first-principles many-body nuclear-structure prediction."
  },
  "isotopes": [
    {
      "isotope": "212Po",
      "Q_alpha_MeV": 8.954,
      "R_fm": 8.99,
      "b_fm": 26.33,
      "W_ana": 14.821,
      "t12_Gamow_s": 8.74e-09,
      "t12_meas_s": 2.99e-07,
      "a_alpha_fm": 1.9048812623618392,
      "P_model": 0.4273852897120103,
      "log10_P_model": -0.3691804300120179,
      "log10_P_extracted": -1.53,
      "residual_raw": 1.1608195699879822,
      "P_ext_halflife": 0.029230769230769227,
      "log10_P_ext_halflife": -1.5341597556900266,
      "log10_P_table_minus_halflife_check": 0.004159755690026579,
      "P_model_S": 0.011554066972447227,
      "log10_P_model_S": -1.9372651194257318,
      "residual_S": -0.40726511942573174
    },
    {
      "isotope": "214Po",
      "Q_alpha_MeV": 7.833,
      "R_fm": 9.02,
      "b_fm": 30.1,
      "W_ana": 18.204,
      "t12_Gamow_s": 1.05e-05,
      "t12_meas_s": 0.000164,
      "a_alpha_fm": 1.9048812623618392,
      "P_model": 0.42438186444584985,
      "log10_P_model": -0.37224318353455554,
      "log10_P_extracted": -1.19,
      "residual_raw": 0.8177568164654444,
      "P_ext_halflife": 0.06402439024390244,
      "log10_P_ext_halflife": -1.19365454897776,
      "log10_P_table_minus_halflife_check": 0.003654548977759964,
      "P_model_S": 0.01147287143879809,
      "log10_P_model_S": -1.9403278729482696,
      "residual_S": -0.7503278729482696
    },
    {
      "isotope": "216Po",
      "Q_alpha_MeV": 6.906,
      "R_fm": 9.05,
      "b_fm": 34.14,
      "W_ana": 21.72,
      "t12_Gamow_s": 0.0132,
      "t12_meas_s": 0.145,
      "a_alpha_fm": 1.9048812623618392,
      "P_model": 0.42140123233442156,
      "log10_P_model": -0.375304198686968,
      "log10_P_extracted": -1.04,
      "residual_raw": 0.664695801313032,
      "P_ext_halflife": 0.0910344827586207,
      "log10_P_ext_halflife": -1.040794071029125,
      "log10_P_table_minus_halflife_check": 0.0007940710291249875,
      "P_model_S": 0.011392292102389776,
      "log10_P_model_S": -1.943388888100682,
      "residual_S": -0.903388888100682
    },
    {
      "isotope": "218Po",
      "Q_alpha_MeV": 6.115,
      "R_fm": 9.07,
      "b_fm": 38.56,
      "W_ana": 25.549,
      "t12_Gamow_s": 28.45,
      "t12_meas_s": 186.0,
      "a_alpha_fm": 1.9048812623618392,
      "P_model": 0.4194267502049602,
      "log10_P_model": -0.3773438745480077,
      "log10_P_extracted": -0.82,
      "residual_raw": 0.44265612545199223,
      "P_ext_halflife": 0.15295698924731183,
      "log10_P_ext_halflife": -0.8154306734868263,
      "log10_P_table_minus_halflife_check": -0.004569326513173655,
      "P_model_S": 0.011338913337820996,
      "log10_P_model_S": -1.9454285639617217,
      "residual_S": -1.1254285639617216
    },
    {
      "isotope": "220Rn",
      "Q_alpha_MeV": 6.405,
      "R_fm": 9.1,
      "b_fm": 37.71,
      "W_ana": 24.629,
      "t12_Gamow_s": 4.18,
      "t12_meas_s": 55.6,
      "a_alpha_fm": 1.9048812623618392,
      "P_model": 0.41648384916424686,
      "log10_P_model": -0.3804018354452998,
      "log10_P_extracted": -1.12,
      "residual_raw": 0.7395981645547003,
      "P_ext_halflife": 0.07517985611510791,
      "log10_P_ext_halflife": -1.1238985098070222,
      "log10_P_table_minus_halflife_check": 0.0038985098070221103,
      "P_model_S": 0.011259354034924542,
      "log10_P_model_S": -1.9484865248590137,
      "residual_S": -0.8284865248590136
    },
    {
      "isotope": "224Ra",
      "Q_alpha_MeV": 5.789,
      "R_fm": 9.16,
      "b_fm": 42.67,
      "W_ana": 28.514,
      "t12_Gamow_s": 9210.0,
      "t12_meas_s": 316000.0,
      "a_alpha_fm": 1.9048812623618392,
      "P_model": 0.41066536919208924,
      "log10_P_model": -0.38651191901854365,
      "log10_P_extracted": -1.54,
      "residual_raw": 1.1534880809814565,
      "P_ext_halflife": 0.029145569620253164,
      "log10_P_ext_halflife": -1.535427452421555,
      "log10_P_table_minus_halflife_check": -0.004572547578445052,
      "P_model_S": 0.011102055435991826,
      "log10_P_model_S": -1.9545966084322575,
      "residual_S": -0.41459660843225743
    },
    {
      "isotope": "226Ra",
      "Q_alpha_MeV": 4.871,
      "R_fm": 9.18,
      "b_fm": 50.7,
      "W_ana": 34.341,
      "t12_Gamow_s": 945000000.0,
      "t12_meas_s": 50500000000.0,
      "a_alpha_fm": 1.9048812623618392,
      "P_model": 0.40874569138297046,
      "log10_P_model": -0.38854681223615367,
      "log10_P_extracted": -1.73,
      "residual_raw": 1.3414531877638463,
      "P_ext_halflife": 0.018712871287128712,
      "log10_P_ext_halflife": -1.7278595696093983,
      "log10_P_table_minus_halflife_check": -0.002140430390601633,
      "P_model_S": 0.011050158268480458,
      "log10_P_model_S": -1.9566315016498677,
      "residual_S": -0.22663150164986767
    },
    {
      "isotope": "228Th",
      "Q_alpha_MeV": 5.52,
      "R_fm": 9.21,
      "b_fm": 45.72,
      "W_ana": 30.829,
      "t12_Gamow_s": 807000.0,
      "t12_meas_s": 60400000.0,
      "a_alpha_fm": 1.9048812623618392,
      "P_model": 0.40588462618647797,
      "log10_P_model": -0.3915973982733174,
      "log10_P_extracted": -1.87,
      "residual_raw": 1.4784026017266827,
      "P_ext_halflife": 0.01336092715231788,
      "log10_P_ext_halflife": -1.8741634038990613,
      "log10_P_table_minus_halflife_check": 0.004163403899061224,
      "P_model_S": 0.01097281134127319,
      "log10_P_model_S": -1.9596820876870313,
      "residual_S": -0.08968208768703123
    },
    {
      "isotope": "232Th",
      "Q_alpha_MeV": 4.082,
      "R_fm": 9.26,
      "b_fm": 61.84,
      "W_ana": 42.673,
      "t12_Gamow_s": 2980000000000000.0,
      "t12_meas_s": 4.43e+17,
      "a_alpha_fm": 1.9048812623618392,
      "P_model": 0.401165078855793,
      "log10_P_model": -0.3966768790422208,
      "log10_P_extracted": -2.17,
      "residual_raw": 1.773323120957779,
      "P_ext_halflife": 0.00672686230248307,
      "log10_P_ext_halflife": -2.1721874621468142,
      "log10_P_table_minus_halflife_check": 0.002187462146814312,
      "P_model_S": 0.010845221629481486,
      "log10_P_model_S": -1.9647615684559347,
      "residual_S": 0.20523843154406518
    },
    {
      "isotope": "234U",
      "Q_alpha_MeV": 4.858,
      "R_fm": 9.29,
      "b_fm": 52.92,
      "W_ana": 35.83,
      "t12_Gamow_s": 17600000000.0,
      "t12_meas_s": 7740000000000.0,
      "a_alpha_fm": 1.9048812623618392,
      "P_model": 0.398362480566461,
      "log10_P_model": -0.399721571980937,
      "log10_P_extracted": -2.64,
      "residual_raw": 2.2402784280190633,
      "P_ext_halflife": 0.00227390180878553,